"DeploymentYear","StandType","Open","OpenType","Deployment","Year","Lured","TotalDays","SummerDays","WinterDays","BlackBearSummer","BlackBearWinter","BlackBear","CoyoteSummer","CoyoteWinter","WolvesCoyotesandAlliesSummer","WolvesCoyotesandAlliesWinter","Coyote","FisherSummer","FisherWinter","Fisher","GrayWolfSummer","GrayWolfWinter","GrayWolf","MooseSummer","MooseWinter","Moose","SnowshoeHareSummer","SnowshoeHareWinter","SnowshoeHare","WhitetailedDeerSummer","WhitetailedDeerWinter","WhitetailedDeer"
"ABMI-1-SW_2015","DecidMixed","Open","Prod","ABMI-1-SW",2015,"y",187,152,35,1.30761595420974,0,1.30761595420974,0,0,0,0,0,0,0,0,0,0,0,0,0,0,0.0706079273304628,3.30923093823678,1.68991943278362,0,0,0
"ABMI-1086-NE_2017","DecidMixed","None","None","ABMI-1086-NE",2017,"y",118,79,39,0,0,0,0,0,0,0,0,0,0,0,0,0,0,0.443529880279513,4.90499111478446,2.67426049753199,0,2.19079100614255,1.09539550307127,1.47577790432171,0,0.737888952160855
"ABMI-1166-NE_2018","UpCon","Open","Low","ABMI-1166-NE",2018,"y",278,100,178,0,0,0,0,0,0,0,0,0,0,0,0,0,0,0,0,0,0,0.0561517990642272,0.0280758995321136,0,0.693769061720847,0.346884530860423
"ABMI-1166-SW_2018","UpCon","Open","Low","ABMI-1166-SW",2018,"y",278,100,178,0,0,0,0,0,0,0,0,0,0,0,0,0,0,0.40885923992401,0,0.204429619962005,0,0.190469855134743,0.0952349275673715,0.529330136993007,0,0.264665068496504
"ABMI-1167-NE_2018","UpCon","Open","Low","ABMI-1167-NE",2018,"y",286,104,182,0.922443035186253,0,0.922443035186253,0,0,0,0,0,0,0,0,0,0,0,0,0,0,4.02834096016906,5.11667809856597,4.57250952936752,0.652705020385117,0,0.326352510192559
"ABMI-1167-SE_2018","UpCon","Open","Prod","ABMI-1167-SE",2018,"n",286,104,182,0.253047642169635,0,0.253047642169635,0,0,0,0,0,0,0,0,0,0,0,1.07433563138061,3.83496108509858,2.4546483582396,1.55395689111219,9.51844783195365,5.53620236153292,0.245887337474623,0,0.122943668737311
"ABMI-1180-NE_2017","DecidMixed","None","None","ABMI-1180-NE",2017,"y",166,81,85,0,0,0,1.02447154876691,1.05175877742277,0,0,1.03811516309484,0,0,0,0,0,0,0,0,0,0,3.6746766808268,1.8373383404134,3.27433565830494,1.56934932755184,2.42184249292839
"ABMI-1192B-SW_2015","DecidMixed","None","None","ABMI-1192B-SW",2015,"y",88,82,6,0,0,0,1.4009794565097,0,0,0,1.4009794565097,0,0,0,0,0,0,9.89879166374492,0,9.89879166374492,0,0,0,2.84630614659211,0,2.84630614659211
"ABMI-1199-NE_2018","UpCon","Open","Low","ABMI-1199-NE",2018,"y",278,97,181,7.31932037106196,0,7.31932037106196,0,0,0,0,0,0,0,0,0,0,0,0,0,0,0,0,0,0,0,0
"ABMI-1199-NW_2018","UpCon","Open","Low","ABMI-1199-NW",2018,"n",278,97,181,1.08732661553822,0,1.08732661553822,0,0,0,0,0,0,0,0,0,0,0,0,0,0,0,0,0,0,0,0
"ABMI-1199-SE_2018","UpCon","Open","Prod","ABMI-1199-SE",2018,"n",278,97,181,0.282194214740015,0,0.282194214740015,0,0,0,0,0,0,0,0,0,0,0,0,0,0,0,0,0,0,0.0385374059212131,0.0192687029606066
"ABMI-1200-NE_2018","UpCon","None","None","ABMI-1200-NE",2018,"y",133,94,39,0,0,0,0,0,0,0,0,0,0,0,0,0,0,0,0,0,0,0,0,0,0,0
"ABMI-1200-NW_2018","UpCon","None","None","ABMI-1200-NW",2018,"n",133,94,39,0,0,0,0,0,0,0,0,0,0,0,0,0,0,0,0,0,0,0,0,0,0,0
"ABMI-1200-SW_2018","UpCon","None","None","ABMI-1200-SW",2018,"y",132,94,38,0,0,0,0,0,0,0,0,0,0,0,0,0,0,0,0,0,0,0,0,0,0,0
"ABMI-1210-SW_2017","DecidMixed","None","None","ABMI-1210-SW",2017,"y",171,82,89,0,0,0,0.694119694135686,0.343647518988035,0,0,0.51888360656186,0,0,0,0,0,0,0.0863755035990498,0,0.0431877517995249,0,0,0,1.9914355481639,8.31145102338529,5.15144328577459
"ABMI-122-NW_2016","UpCon","None","None","ABMI-122-NW",2016,"n",124,94,30,6.36114990012751,0,6.36114990012751,0,0,0,0,0,0,0,0,0,0,0,0,0,0,0.114174520789684,1.58728805039628,0.850731285592982,0,0,0
"ABMI-122-SW_2016","UpCon","None","None","ABMI-122-SW",2016,"y",124,94,30,10.1865377988959,0,10.1865377988959,0,0,0,0,0,0,0,0,0,0,0,0,0,0,1.74392114288879,2.65871918060815,2.20132016174847,0,0,0
"ABMI-1241-NE_2017","UpCon","Open","Prod","ABMI-1241-NE",2017,"y",171,85,86,0,0,0,1.44480583528962,0,0,0,0.72240291764481,0,0,0,0,0,0,5.55504257705539,0.211908800738294,2.88347568889684,0,9.64081131709925,4.82040565854962,0.201457322018197,0.985863878540064,0.59366060027913
"ABMI-1263-NW_2017","UpCon","Open","Low","ABMI-1263-NW",2017,"n",236,97,139,0,0,0,0,0,0,0,0,0,0,0,0,0.0379478883578022,0.0189739441789011,0,0,0,0,0,0,0.460535880084065,0,0.230267940042032
"ABMI-1264-NE_2017","UpCon","Open","Low","ABMI-1264-NE",2017,"y",237,99,138,0,0,0,0,0,0,0,0,0,0,0,0,0,0,0,0,0,0,0,0,1.70928101981302,0,0.85464050990651
"ABMI-1264-SE_2017","UpCon","Open","Prod","ABMI-1264-SE",2017,"n",237,99,138,0,0,0,0,0,0,0,0,0,0,0,0,0.138990004886303,0.0694950024431515,0,0,0,0,0,0,4.39924474959854,0,2.19962237479927
"ABMI-1266-NE_2018","UpCon","Open","Prod","ABMI-1266-NE",2018,"y",163,80,83,0,0,0,0,0,0,0,0,0,0,0,0,0,0,0,0,0,0,0,0,0.168028578861653,2.59792993180335,1.3829792553325
"ABMI-1266-SE_2018","UpCon","None","None","ABMI-1266-SE",2018,"n",163,80,83,0,0,0,0,0,0,0,0,0,0,0,0,0.978656678760643,0.489328339380321,2.65981811399759,0,1.3299090569988,0,0,0,0.288789363899431,1.52337102876561,0.90608019633252
"ABMI-1267-SW_2018","UpCon","Open","Prod","ABMI-1267-SW",2018,"y",161,79,82,0,0,0,0,0,0,0,0,0,0,0,0.90096348775246,0,0.45048174387623,0,0,0,0.271706454537477,0,0.135853227268738,0.3424527023874,0,0.1712263511937
"ABMI-1268-NE_2018","UpCon","None","None","ABMI-1268-NE",2018,"y",162,81,81,0,0,0,0,0,0,0,0,0,0,0,0,0,0,0,0.226450851438153,0.113225425719076,0.17145870714336,0,0.08572935357168,0.0596488595055259,0.387330332073576,0.223489595789551
"ABMI-1291-NW_2017","UpCon","Open","Low","ABMI-1291-NW",2017,"n",235,96,139,0,0,0,0,0,0,0,0,0,0,0,0,0,0,0,0,0,1.10463152400581,0.121241179009961,0.612936351507886,0,0,0
"ABMI-1292-NW_2017","UpCon","Open","Low","ABMI-1292-NW",2017,"n",184,101,83,0,0,0,0,0,0,0,0,0,0,0,0,0,0,0,0,0,5.87723111966461,7.89643669297909,6.88683390632185,0,0,0
"ABMI-1292-SW_2017","UpCon","Open","Prod","ABMI-1292-SW",2017,"y",184,101,83,0,0,0,0,0,0,0,0,0,0,0,0,0,0,0,0,0,0.775075099049448,0.840560905841106,0.807818002445277,5.11135361044186,0,2.55567680522093
"ABMI-1293-NE_2017","UpCon","None","None","ABMI-1293-NE",2017,"y",240,102,138,0.228545026518977,0,0.228545026518977,0,0,0,0,0,0,0,0,0,0,0,0,0,0,0.105219656414023,0.696757811914833,0.400988734164428,0,0,0
"ABMI-1293-NW_2017","UpCon","Open","Low","ABMI-1293-NW",2017,"n",240,102,138,0,0,0,0,0,0,0,0,0,0,0,0,0,0,0,0,0,3.39587717307316,4.49579098501015,3.94583407904166,0,0,0
"ABMI-1293-SE_2017","UpCon","Open","Prod","ABMI-1293-SE",2017,"n",240,102,138,0,0,0,0,0,0,0,0,0,0,0,0,0,0,0,0,0,0,0.144855365701919,0.0724276828509595,0.158721313262909,0.97542323807852,0.567072275670714
"ABMI-1294-SW_2018","DecidMixed","Open","Low","ABMI-1294-SW",2018,"y",163,83,80,1.46431352234772,0,1.46431352234772,0,0,0,0,0,0,0,0,0.35055231728305,0,0.175276158641525,0,0,0,0,0,0,0.296846081398035,0.189857558056281,0.243351819727158
"ABMI-1295-SW_2018","DecidMixed","Open","Low","ABMI-1295-SW",2018,"y",157,78,79,4.27829632126666,0,4.27829632126666,0,0,0,0,0,0,0,0,0,0.110470880583175,0.0552354402915875,0,0,0,1.39745395742704,0.305081191987134,0.851267574707087,2.02229046621558,0.898137284848451,1.46021387553202
"ABMI-1321-NE_2017","UpCon","Open","Low","ABMI-1321-NE",2017,"y",236,100,136,0,0,0,0,0,0,0,0,0,0,0,0,0,0,0,0,0,0,0,0,0.176710543440605,0.951120867773521,0.563915705607063
"ABMI-1321-SE_2017","UpCon","None","None","ABMI-1321-SE",2017,"n",236,100,136,0,0,0,0,0,0,0,0,0,0,0,0,0,0,0,0,0,0,0,0,0.994465121760093,0.97494871184745,0.984706916803772
"ABMI-1321-SW_2017","UpCon","Open","Prod","ABMI-1321-SW",2017,"y",236,100,136,0.405718887355306,0,0.405718887355306,0,0,0,0,0,0,0,0,0.787578564741344,3.45950235337533,2.12354045905834,0,0,0,0,0,0,2.26179271230167,1.51424083434638,1.88801677332402
"ABMI-1322-NW_2017","UpCon","Open","Low","ABMI-1322-NW",2017,"n",234,95,139,0,0,0,0,0,0,0,0,0,0,0,0,0,0,0,0,0,0.112972683728741,0.263625740288016,0.188299212008379,0,0,0
"ABMI-1322-SE_2017","UpCon","Open","Low","ABMI-1322-SE",2017,"n",234,95,139,0.528390126585005,0,0.528390126585005,0,0,0,0,0,0,0,0,0,0.0379478883578022,0.0189739441789011,0,0,0,0.338918051186222,0.35953310192203,0.349225576554126,0,0,0
"ABMI-1322-SW_2017","UpCon","Open","Prod","ABMI-1322-SW",2017,"y",234,95,139,0.280012758454114,0,0.280012758454114,0,0,0,0,0,0,0,0,1.79971853395558,0.814990774721447,1.30735465433851,0,0,0,0,0,0,0.335634959037392,3.63843368611535,1.98703432257637
"ABMI-1323-NE_2018","UpCon","Open","Prod","ABMI-1323-NE",2018,"y",177,99,78,0,0,0,0,0,0,0,0,0,0,0,1.22324785510402,0,0.61162392755201,0,0,0,0,0,0,0.378021477043548,0,0.189010738521774
"ABMI-1323-SE_2018","UpCon","Open","Prod","ABMI-1323-SE",2018,"n",177,99,78,0,0,0,0,0,0,0,0,0,0,0,0,0,0,0.54769132070989,0,0.273845660354945,0,0.165819876521764,0.082909938260882,0,0,0
"ABMI-1324-NE_2018","UpCon","None","None","ABMI-1324-NE",2018,"y",162,85,77,8.63343219636318,0,8.63343219636318,0,0,0,0,0,0,0,0,0,0,0,0.100863414907665,0,0.0504317074538325,0,0,0,0.335081043581364,1.16924798765773,0.752164515619547
"ABMI-1324-SW_2018","UpCon","None","None","ABMI-1324-SW",2018,"y",162,85,77,0.298143714910101,0,0.298143714910101,0,0,0,0,0,0,0,0,0,0,0,0,0,0,0,0.259610915154089,0.129805457577045,0.0975099435237233,0.789741882643581,0.443625913083652
"ABMI-1325-SE_2018","DecidMixed","Open","Prod","ABMI-1325-SE",2018,"n",162,86,76,0,0,0,0.054847572118275,0,0,0,0.0274237860591375,0,0,0,0,0,0,0,0.460010877805275,0.230005438902637,2.58462284914123,1.16289183387927,1.87375734151025,2.43719952753856,3.12773583216392,2.78246767985124
"ABMI-1325-SW_2018","UpCon","Open","Prod","ABMI-1325-SW",2018,"y",162,86,76,0.600688029686054,0,0.600688029686054,0.272146818929848,0.727404855493794,0,0,0.499775837211821,0,0,0,0.0804499878860033,0.30916019118066,0.194805089533332,1.44814912720964,0.704587860053655,1.07636849363165,0,0.195963646388698,0.097981823194349,3.57531266410002,0.0676182575759758,1.821465460838
"ABMI-1423-NE_2018","UpCon","Open","Prod","ABMI-1423-NE",2018,"y",271,97,174,0,0,0,0,0,0,0,0,0,0,0,0,0,0,0,0,0,0,0,0,0,0,0
"ABMI-1424-NW_2017","UpCon","Open","Low","ABMI-1424-NW",2017,"n",142,95,47,0,0,0,0,0,0,0,0,0,0,0,0,0,0,0,0,0,0,0,0,0,0,0
"ABMI-1424-SE_2017","UpCon","Open","Low","ABMI-1424-SE",2017,"n",142,96,46,0,0,0,0,0,0,0,0,0,0,0,0,2.01393756677579,1.0069687833879,0,0,0,5.22079100251185,4.47344054215607,4.84711577233396,0,0,0
"ABMI-1425-NE_2017","UpCon","None","None","ABMI-1425-NE",2017,"y",138,96,42,0,0,0,0,0,0,0,0,0,0,0,0,0,0,1.15681787111594,0.221410353551475,0.689114112333708,0,0,0,0.33350059617692,0,0.16675029808846
"ABMI-1425-NW_2017","UpCon","Open","Prod","ABMI-1425-NW",2017,"n",138,96,42,0,0,0,0,0,0,0,0,0,0,0,0,0,0,10.6072376189341,9.39358983494433,10.0004137269392,0,0,0,0.0508845082852097,0,0.0254422541426048
"ABMI-1425-SE_2017","UpCon","None","None","ABMI-1425-SE",2017,"n",138,96,42,0,0,0,0,0,0,0,0,0,0,0,0,0,0,0,0,0,0,0,0,0.292345627579088,0,0.146172813789544
"ABMI-1426-NE_2017","UpCon","Open","Low","ABMI-1426-NE",2017,"y",137,97,40,1.81966031301495,0,1.81966031301495,0,0,0,0,0,0,0,0,0,0,0,2.47409467466488,1.53787397118448,2.00598432292468,0,0,0,9.5159340974246,1.36269952053798,5.43931680898129
"ABMI-1426-SE_2017","UpCon","Open","Prod","ABMI-1426-SE",2017,"n",137,97,40,0.146121535299303,0,0.146121535299303,0,0.164366827896445,0,0,0.0821834139482225,0,0,0,0,0,0,0,1.88086717740732,0.94043358870366,0,0,0,1.17716657128323,1.30418880596023,1.24067768862173
"ABMI-1426-SW_2017","UpCon","None","None","ABMI-1426-SW",2017,"y",137,97,40,0,0,0,0.475785218900668,0.118437167257217,0,0,0.297111193078943,0,0,0,0,0,0,1.08342391493011,0,0.541711957465055,0,0.249875505835811,0.124937752917906,2.14092543177906,2.29556145412686,2.21824344295296
"ABMI-1427-NE_2017","DecidMixed","Open","Prod","ABMI-1427-NE",2017,"y",138,95,43,0,0,0,0,0,0,0,0,0,0,0,0,0,0,0.184440804865884,0,0.092220402432942,0,0,0,3.34467238469201,1.75707315085885,2.55087276777543
"ABMI-1444-SW_2018","UpCon","Open","Prod","ABMI-1444-SW",2018,"y",104,0,104,NA,0,NA,NA,0,NA,0,0,NA,0,0,NA,0,0,NA,0,0,NA,0.201631575435448,0.201631575435448,NA,0,0
"ABMI-1445-NW_2018","UpCon","Open","Low","ABMI-1445-NW",2018,"n",273,99,174,0,0,0,0,0,0,0,0,0,0,0,0,0,0,0,0,0,0,0,0,0,0,0
"ABMI-1447-NW_2017","UpCon","Open","Low","ABMI-1447-NW",2017,"n",225,100,125,0,0,0,0,0,0,0,0,0,0,0,0,0,0,0,0,0,0,0,0,0.0439108599829887,0,0.0219554299914944
"ABMI-1448-NE_2017","UpCon","Open","Prod","ABMI-1448-NE",2017,"y",143,98,45,0,0,0,0,2.21791373200735,0,0,1.10895686600368,0,0,0,0,0,0,0,0,0,0,0,0,0,0,0
"ABMI-1466-NE_2017","DecidMixed","Open","Low","ABMI-1466-NE",2017,"n",142,96,46,0.177750340307432,0,0.177750340307432,0,0,0,0,0,0,0,0,0,0,0,0,0,0,0,0,0,0.148811488043698,0.448354855573572,0.298583171808635
"ABMI-1467-NW_2017","DecidMixed","Open","Low","ABMI-1467-NW",2017,"n",143,97,46,0,0,0,0,0,0,0,0,0,0,0,0,0,0,0,0,0,0,0,0,0,0,0
"ABMI-1467-SW_2017","UpCon","Open","Prod","ABMI-1467-SW",2017,"n",143,97,46,0,0,0,0,0.116301786206052,0,0,0.058150893103026,0,0,0,0,0,0,0,0,0,0,0,0,2.78917226417607,1.66558867087397,2.22738046752502
"ABMI-1469-SE_2018","UpCon","Open","Prod","ABMI-1469-SE",2018,"n",124,84,40,0.26446590652224,0,0.26446590652224,0.0706728527441118,0,0,0,0.0353364263720559,0,0,0,0,0,0,0,0,0,0.1277667256456,0,0.0638833628228,13.5033589624522,4.65677563236444,9.08006729740832
"ABMI-1491-NW_2015","UpCon","Open","Low","ABMI-1491-NW",2015,"n",128,87,41,0,0,0,0,0.145421405869953,0,0,0.0727107029349765,0,0,0,0,0,0,0,0,0,0,0,0,0.39994168638629,0,0.199970843193145
"ABMI-15-NE_2015","DecidMixed","None","None","ABMI-15-NE",2015,"y",188,153,35,1.95601938658358,0,1.95601938658358,0,0,0,0,0,0.0625087593127325,2.97720027831235,1.51985451881254,0.0340703585119431,0,0.0170351792559716,4.55938559881888,0,2.27969279940944,0.224189858903784,2.41847152693425,1.32133069291902,0,0,0
"ABMI-15-SE_2015","DecidMixed","None","None","ABMI-15-SE",2015,"n",100,65,35,0,0,0,0,0,0,0,0,0,0,0,0,0,0,0,0,0,0,0,0,0,0,0
"ABMI-1529-NE_2015","UpCon","Open","Low","ABMI-1529-NE",2015,"y",132,87,45,1.21230668628975,0,1.21230668628975,0,0,0,0,0,0,0,0,0,0,0,4.90892154432938,0,2.45446077216469,0.72317285675869,0,0.361586428379345,0.18102416472607,0,0.090512082363035
"ABMI-1529-NW_2015","UpCon","Open","Prod","ABMI-1529-NW",2015,"n",132,87,45,0,0,0,0,0,0,0,0,0,0,0,0,0,0,1.32363343661034,0,0.66181671830517,0,0,0,0.351309267167885,0,0.175654633583943
"ABMI-154-NW_2017","UpCon","Open","Low","ABMI-154-NW",2017,"n",167,96,71,0,0,0,0.0491356247546603,0,0,0,0.0245678123773302,0,0,0,0,0,0,0,0,0,0,0,0,0,0,0
"ABMI-154-SE_2017","UpCon","Open","Low","ABMI-154-SE",2017,"n",167,96,71,0,0,0,0,0,0,0,0,0,0,0,0,0,0,0,0,0,0,0,0,0,0,0
"ABMI-1564-NW_2018","UpCon","Open","Low","ABMI-1564-NW",2018,"n",266,95,171,0,0,0,0,0,0,0,0,0,0,0,0,0.0661785490018892,0.0330892745009446,0.0353294091905853,0.110923393945542,0.0731264015680636,0.112972683728741,0.175351232165481,0.144161957947111,0,0,0
"ABMI-1564-SE_2018","UpCon","Open","Low","ABMI-1564-SE",2018,"n",266,95,171,0,0,0,0,0,0,0,0,0,0,0,0,0,0,0,0,0,0.112972683728741,0.0584504107218271,0.0857115472252841,0,0,0
"ABMI-1565-NE_2018","UpCon","Open","Prod","ABMI-1565-NE",2018,"y",138,96,42,0.516118775674184,0,0.516118775674184,0,0,0,0,0,0,0,0,0.161909708565225,0,0.0809548542826125,0.205810155443177,0.0974531033524296,0.151631629397803,0,0,0,1.16591727117065,0.300882141020007,0.733399706095329
"ABMI-1565-SE_2018","DecidMixed","Open","Prod","ABMI-1565-SE",2018,"n",138,96,42,0,0,0,0,0,0,0,0,0,0,0,0,0,0,2.41304750782474,0,1.20652375391237,0,0,0,0,0,0
"ABMI-1565-SW_2018","UpCon","Open","Prod","ABMI-1565-SW",2018,"y",138,96,42,0.42262384099511,0,0.42262384099511,0,0,0,0,0,0,0,0,0,0,0,1.69875897824778,0,0.84937948912389,0,0,0,0.59851671047826,0,0.29925835523913
"ABMI-1580-NE_2018","UpCon","None","None","ABMI-1580-NE",2018,"y",120,65,55,0,0,0,0,0,0,0,0,0,0,0,0,0,0,0,0,0,0,0.181727640607862,0.090863820303931,2.35289029390247,0.0839308309172292,1.21841056240985
"ABMI-1581-NE_2018","UpCon","None","None","ABMI-1581-NE",2018,"y",267,96,171,0,0,0,0,0,0,0,0,0,0,0,0,0,0,0,0,0,1.45334650421869,1.82607379192246,1.63971014807057,0,0,0
"ABMI-1581-NW_2018","UpCon","Open","Low","ABMI-1581-NW",2018,"n",267,96,171,0,0,0,0,0,0,0,0,0,0,0,0,0,0,1.37723192258304,0,0.68861596129152,0.444962318860733,0.725358433686533,0.585160376273633,0.0405964500126834,0,0.0202982250063417
"ABMI-1647-NE_2017","UpCon","None","None","ABMI-1647-NE",2017,"y",130,103,27,0.216468749259459,0,0.216468749259459,0,0,0,0,0,0,0,0,0,0,0,0,0,0,0.104198106351751,0,0.0520990531758755,0,0,0
"ABMI-1647-NW_2017","UpCon","None","None","ABMI-1647-NW",2017,"n",69,68,1,0,0,0,0,0,0,0,0,0,0,0,0,0,0,0,0,0,0,9.99502023343244,0,0,0,0
"ABMI-1647-SE_2017","UpCon","Open","Prod","ABMI-1647-SE",2017,"n",130,103,27,0,0,0,0,0,0,0,0,0,0,0,0,0,0,0,0,0,0,0,0,0,0,0
"ABMI-1647-SW_2017","UpCon","Open","Low","ABMI-1647-SW",2017,"y",130,103,27,0,0,0,0,0,0,0,0,0,0,0,0,0,0,0,0,0,0,0,0,0,0,0
"ABMI-1648-NE_2018","DecidMixed","Open","Prod","ABMI-1648-NE",2018,"y",249,77,172,0.0885554131251824,0,0.0885554131251824,0,0,0,0,0,0,0,0,0,0,0,0.266210156081929,5.82268707140978,3.04444861374585,1.25241771163555,0.573101081729489,0.912759396682519,0,0,0
"ABMI-1648-NW_2018","UpCon","Open","Prod","ABMI-1648-NW",2018,"n",249,77,172,0,0,0,0,0,0,0,0,0,0,0,0,0,0,0,0,0,0,0.133307968617035,0.0666539843085175,0,0.215714990505222,0.107857495252611
"ABMI-2-NW_2015","UpCon","Open","Prod","ABMI-2-NW",2015,"n",186,152,34,0.78766852405985,0,0.78766852405985,0,0,0,0,0,0,0,0,0,0,0,0,0,0,0,1.5851080788485,0.79255403942425,0,0,0
"ABMI-2-SE_2015","UpCon","Open","Low","ABMI-2-SE",2015,"n",101,67,34,0,0,0,0,0,0,0,0,0,0,0,0,0,0,0,0,0,0.160176236603262,0.293949232231153,0.227062734417207,0,0,0
"ABMI-210-SE_2017","DecidMixed","Open","Low","ABMI-210-SE",2017,"n",172,102,70,0.645660910010154,0,0.645660910010154,0,0,0,0,0,0,0,0,0,0,0,0,0,0,0,0,0,0,0,0
"ABMI-211-SE_2017","UpCon","Open","Low","ABMI-211-SE",2017,"n",164,95,69,1.13159268178559,0,1.13159268178559,0,0,0,0,0,0,0,0,0,0,0,0,0,0,1.28872717015364,4.969592368448,3.12915976930082,0,0,0
"ABMI-211-SW_2017","UpCon","Open","Low","ABMI-211-SW",2017,"y",164,94,70,7.48004277632351,0,7.48004277632351,0,0,0,0,0,0,0,0,0,0,0,0.0714105079384171,0,0.0357052539692086,5.37466919837601,3.42445190563339,4.3995605520047,0,0,0
"ABMI-212-NW_2017","UpCon","Open","Low","ABMI-212-NW",2017,"n",166,95,71,1.58046725347909,0,1.58046725347909,0,0,0,0,0,0,0,0,0,0,0,0,0,0,0,0,0,0,0,0
"ABMI-212-SE_2017","UpCon","None","None","ABMI-212-SE",2017,"n",167,96,71,2.51332283137475,0,2.51332283137475,0,0,0,0,0,0,0,0,0,0,0,0,0,0,0,0,0,0,0,0
"ABMI-213-NE_2018","UpCon","None","None","ABMI-213-NE",2018,"n",250,113,137,0,0,0,0,0,0,0,0,0,0,0,0,0,0,0.0494884276787321,0,0.024744213839366,0.688992129127541,3.203282198139,1.94613716363327,0,0,0
"ABMI-264-SW_2015","DecidMixed","Open","Prod","ABMI-264-SW",2015,"y",202,155,47,5.55021192020219,0,5.55021192020219,0,0,0,0,0,0,1.44191995914507,0.720959979572535,1.3654150364416,0,0.6827075182208,0,0,0,0,0,0,0,0,0
"ABMI-264-SW_2015","DecidMixed","Open","Prod","ABMI-264-SW",2015,"y",202,155,47,5.55021192020219,0,5.55021192020219,0,0,0,0,0,0,1.44191995914507,0.720959979572535,1.3654150364416,0,0.6827075182208,0,0,0,0,0,0,0,0,0
"ABMI-264-SW_2016","DecidMixed","Open","Prod","ABMI-264-SW",2016,"y",292,110,182,3.29504005954191,0,3.29504005954191,0,0,0,0,0,0,0.0489344958128689,0.0244672479064344,0,0,0,0,0,0,0.32137271191051,0,0.160686355955255,0,0,0
"ABMI-265-NE_2015","DecidMixed","None","None","ABMI-265-NE",2015,"y",202,157,45,0.521615696174088,0,0.521615696174088,0,0,0,0,0,0,0,0,0,0,0,0,0,0,1.16065845706346,1.9204553915107,1.54055692428708,0,0,0
"ABMI-265-NE_2016","DecidMixed","None","None","ABMI-265-NE",2016,"y",292,110,182,5.72163255556752,0,5.72163255556752,0,0,0,0,0,0,0,0,0,0,0,0,0,0,4.16956624731951,3.52185921983848,3.845712733579,0,0,0
"ABMI-265-SE_2015","DecidMixed","None","None","ABMI-265-SE",2015,"n",206,157,49,0.206681828667139,0,0.206681828667139,0,0,0,0,0,0,0,0,0,0,0,0,0,0,2.76243842814026,2.89543430933149,2.82893636873588,0,0,0
"ABMI-265-SE_2015","DecidMixed","None","None","ABMI-265-SE",2015,"n",206,157,49,0.206681828667139,0,0.206681828667139,0,0,0,0,0,0,0,0,0,0,0,0,0,0,2.76243842814026,2.89543430933149,2.82893636873588,0,0,0
"ABMI-266-NW_2015","DecidMixed","None","None","ABMI-266-NW",2015,"n",207,157,50,0.872339287082288,0,0.872339287082288,0,0,0,0,0,0,0,0,0,0,0,0,0,0,0,0.99553029435894,0.49776514717947,0,0,0
"ABMI-266-NW_2015","DecidMixed","None","None","ABMI-266-NW",2015,"n",207,157,50,0.872339287082288,0,0.872339287082288,0,0,0,0,0,0,0,0,0,0,0,0,0,0,0,0.99553029435894,0.49776514717947,0,0,0
"ABMI-266-SW_2015","UpCon","None","None","ABMI-266-SW",2015,"y",207,157,50,0.231259745516207,0,0.231259745516207,0,0,0,0,0,0,0,0,0,0,0,0,0,0,0.0884595877618607,0.399800809337297,0.244130198549579,0,0,0
"ABMI-266-SW_2015","UpCon","None","None","ABMI-266-SW",2015,"y",207,157,50,0.231259745516207,0,0.231259745516207,0,0,0,0,0,0,0,0,0,0,0,0,0,0,0.0884595877618607,0.399800809337297,0.244130198549579,0,0,0
"ABMI-268-SW_2018","UpCon","Open","Prod","ABMI-268-SW",2018,"y",248,113,135,0,0,0,0,0,0,0,0,0,0,0,0,0,0,0,0,0,0,0.0740371869143144,0.0370185934571572,0,0,0
"ABMI-277-SW_2018","DecidMixed","Open","Prod","ABMI-277-SW",2018,"n",114,109,5,1.24077081236516,0,1.24077081236516,0,0,0,0,0,0,0,0,0,0,0,0,0,0,0,0,0,0,0,0
"ABMI-294-NE_2016","UpCon","Open","Prod","ABMI-294-NE",2016,"y",292,110,182,4.05541921197879,0,4.05541921197879,0,0,0,0,0,0,0,0,0,0,0,0,0,0,0.311827712838899,1.45470029721812,0.883264005028509,0,0,0
"ABMI-294-NW_2016","UpCon","None","None","ABMI-294-NW",2016,"n",293,111,182,0.795053677383256,0,0.795053677383256,0,0,0,0,0,0,0,0,0,0,0,0,0,0,1.57160139801339,0.186283704472441,0.878942551242916,0,0,0
"ABMI-294-SW_2015","UpCon","None","None","ABMI-294-SW",2015,"y",200,155,45,5.53272962101507,0,5.53272962101507,0,0,0,0,0,0,0,0,0,0,0,1.70939621329204,0,0.85469810664602,0.336668603766295,0,0.168334301883147,0,0,0
"ABMI-297-NE_2018","UpCon","Open","Low","ABMI-297-NE",2018,"n",249,114,135,0,0,0,0,0,0,0,0,0,0,0,0,0,0,0,0,0,0,0.296148747657257,0.148074373828629,0,0,0
"ABMI-298-SW_2018","DecidMixed","Open","Low","ABMI-298-SW",2018,"y",254,114,140,3.53651036278272,0,3.53651036278272,0,0,0,0,0,0,0.182576291043016,0.091288145521508,6.98391628375897,21.2822850364354,14.1331006600972,0,1.51988500457774,0.75994250228887,0.487303693986391,1.33119466674671,0.909249180366551,0,0,0
"ABMI-299-SW_2018","DecidMixed","Open","Prod","ABMI-299-SW",2018,"y",248,114,134,7.54265579200345,0,7.54265579200345,0.145028042268383,0,0,0,0.0725140211341915,0,0,0,0,0,0,0,0,0,0,0,0,0,0.716910312011713,0.358455156005856
"ABMI-3-NE_2015","UpCon","Open","Low","ABMI-3-NE",2015,"y",186,152,34,0.76736255625352,0,0.76736255625352,0,0,0,0,0,0,0,0,0,0,0,0,0,0,0,0,0,0,0,0
"ABMI-3-SE_2015","UpCon","Open","Low","ABMI-3-SE",2015,"n",186,152,34,0.31367808851323,0,0.31367808851323,0,0,0,0,0,0,0,0,0,0,0,0,0,0,0,0,0,0,0,0
"ABMI-301-NE_2016","UpCon","Open","Low","ABMI-301-NE",2016,"y",110,85,25,0.608232271363866,0,0.608232271363866,0,0,0,0,0,0.137266749699245,0,0.0686333748496225,0,0,0,0.635725398162796,0,0.317862699081398,0,0,0,0,0,0
"ABMI-317-NE_2017","DecidMixed","None","None","ABMI-317-NE",2017,"y",211,164,47,0.292297288960143,0,0.292297288960143,0,0,0,0,0,0,0,0,0,0,0,0,0,0,0,0,0,0,0,0
"ABMI-319-NE_2017","DecidMixed","None","None","ABMI-319-NE",2017,"y",215,168,47,1.08016383579254,0,1.08016383579254,0,0,0,0,0,0,0,0,0,0,0,0,0,0,0,0,0,0.449640713670317,0,0.224820356835158
"ABMI-319-SE_2017","DecidMixed","Open","Prod","ABMI-319-SE",2017,"n",215,168,47,1.33959936559912,0,1.33959936559912,0,0,0,0,0,0,0,0,0,0,0,0,0,0,0,0,0,0,0,0
"ABMI-321-NE_2018","DecidMixed","None","None","ABMI-321-NE",2018,"y",281,99,182,0.768483412350394,0,0.768483412350394,0,0,0,0,0,0.0966044462105867,0.146814450211861,0.121709448211224,0,0,0,0,0,0,0,3.04245175007082,1.52122587503541,0,0,0
"ABMI-321-SW_2018","DecidMixed","None","None","ABMI-321-SW",2018,"y",280,98,182,0.122025667173389,0,0.122025667173389,0,0,0,0,0,0,0,0,0,0,0,0,0,0,0.788068043155106,0.644973608223627,0.716520825689366,0,0,0
"ABMI-322-SE_2018","DecidMixed","Open","Low","ABMI-322-SE",2018,"n",280,98,182,0.366077001520167,0,0.366077001520167,0,0,0,0,0,0,0,0,0,0,0,0,0,0,0,9.36831978596504,4.68415989298252,0,0,0
"ABMI-33-NW_2015","DecidMixed","Open","Low","ABMI-33-NW",2015,"n",187,154,33,6.28335218000896,0,6.28335218000896,0,0,0,0,0,0,0,0,0,0,0,0,0,0,0,0,0,0,0,0
"ABMI-33-SE_2015","UpCon","None","None","ABMI-33-SE",2015,"n",187,154,33,1.02085063172769,0,1.02085063172769,0,0,0,0,0,0,0,0,0,0,0,0,4.30484517868406,2.15242258934203,0,0,0,0,0,0
"ABMI-331-SW_2015","DecidMixed","None","None","ABMI-331-SW",2015,"y",137,82,55,4.04754605645847,0,4.04754605645847,0,0,0,0,0,0,0,0,0,0,0,0.249977829491567,0,0.124988914745783,0,0,0,0,0,0
"ABMI-332-NE_2017","UpCon","Open","Low","ABMI-332-NE",2017,"y",141,80,61,0.790238449539947,0,0.790238449539947,0,0,0,0,0,0,0,0,0,0,0,0,0,0,0,0,0,0,0,0
"ABMI-332-NW_2017","UpCon","Open","Low","ABMI-332-NW",2017,"n",141,80,61,0,0,0,0,0,0,0,0,0,0,0,0,0,0,0,0,0,0,0.343765308939124,0.171882654469562,0,0,0
"ABMI-332-SE_2017","DecidMixed","Open","Low","ABMI-332-SE",2017,"n",141,80,61,0,0,0,0,0,0,0,0,0,0,0,0,0,0,1.14182976165041,0,0.570914880825205,0,0,0,0.16596693929148,0,0.08298346964574
"ABMI-346-NW_2017","DecidMixed","None","None","ABMI-346-NW",2017,"n",215,170,45,0.614150159492254,0,0.614150159492254,0,0.105274619576581,0,0,0.0526373097882905,0,0,0,0,0,0,0,0,0,0,0,0,0.352932297732896,0,0.176466148866448
"ABMI-347-NE_2017","DecidMixed","Open","Prod","ABMI-347-NE",2017,"y",159,113,46,0.0603430691206995,0,0.0603430691206995,0,0,0,0,0,0,0,0,0,0,0,0,0,0,0,0,0,0,0,0
"ABMI-359-NE_2015","DecidMixed","Open","Low","ABMI-359-NE",2015,"y",133,79,54,5.76594588477971,0,5.76594588477971,0,0,0,0,0,0,0,0,0.443881160823222,0,0.221940580411611,0.0896555860433435,0,0.0448277930216718,0,0,0,0,0,0
"ABMI-359-NW_2015","DecidMixed","Open","Prod","ABMI-359-NW",2015,"n",133,79,54,0.307935496660091,0,0.307935496660091,0,0,0,0,0,0,0,0,0,0,0,0,0,0,0,0,0,0,0,0
"ABMI-359-SW_2015","DecidMixed","Open","Prod","ABMI-359-SW",2015,"y",133,79,54,0,0,0,0,0,0,0,0,0,0,0,0,0.964350404272866,0.482175202136433,0.0424847325571486,0,0.0212423662785743,0,0,0,0,0,0
"ABMI-376-NE_2017","DecidMixed","None","None","ABMI-376-NE",2017,"y",216,171,45,0.950203827511852,0,0.950203827511852,0,0,0,0,0,0,0,0,0,0,0,0,0,0,0,0,0,0,0,0
"ABMI-376-SE_2017","DecidMixed","Open","Prod","ABMI-376-SE",2017,"n",216,171,45,0.479911232330352,0,0.479911232330352,0,0,0,0,0,0,0,0,0,0,0,0,0,0,0,0,0,0.562287340406491,0,0.281143670203245
"ABMI-377-NW_2017","DecidMixed","None","None","ABMI-377-NW",2017,"n",215,170,45,2.00813238018528,0,2.00813238018528,0.0779597396168396,0,0,0,0.0389798698084198,0,0,0,0,0,0,0,0,0,9.87855953068072,0,4.93927976534036,0,0,0
"ABMI-380-NW_2018","DecidMixed","Open","Low","ABMI-380-NW",2018,"n",283,101,182,0.547390720963142,0,0.547390720963142,0,0,0,0,0,0,0,0,0,0,0,0,0.271769970987582,0.135884985493791,0,1.00779158128803,0.503895790644015,0,0,0
"ABMI-382-SW_2016","UpCon","Open","Prod","ABMI-382-SW",2016,"y",107,79,28,0,0,0,0,0,0,0,0,0,1.56804654596538,0.78402327298269,0,0,0,4.48608346306354,0,2.24304173153177,0,1.42786003334749,0.713930016673745,0,0,0
"ABMI-383-NW_2016","UpCon","None","None","ABMI-383-NW",2016,"n",106,78,28,0,0,0,0,0,0,0,0,0,0,0,0,0,0,0,0,0,0,3.73040165457151,1.86520082728575,0,0,0
"ABMI-388-NE_2015","DecidMixed","None","None","ABMI-388-NE",2015,"y",114,63,51,0,0,0,0,0,0,0,0,0,0,0,0,0,0,0,0,0,0,0.195980788890833,0.0979903944454165,1.54815391594091,0,0.774076957970455
"ABMI-389-NE_2015","DecidMixed","Open","Prod","ABMI-389-NE",2015,"y",131,80,51,0.481423537585202,0,0.481423537585202,0,0,0,0,0,0,0,0,0,0,0,4.80011071878611,0,2.40005535939305,0,0,0,0,0,0
"ABMI-389-NW_2015","DecidMixed","Open","Prod","ABMI-389-NW",2015,"n",131,80,51,1.64886692539544,0,1.64886692539544,0,0,0,0,0,0,0,0,0,0,0,8.76752095138278,2.60598713276424,5.68675404207351,0,0,0,0.04871574001522,0,0.02435787000761
"ABMI-4-NE_2017","UpCon","None","None","ABMI-4-NE",2017,"y",174,99,75,1.33611117173729,0,1.33611117173729,0,0,0,0,0,0,0,0,0,0,0,0,0,0,1.28998388043078,0.399800809337297,0.844892344884038,0,0,0
"ABMI-4-NW_2017","UpCon","Open","Low","ABMI-4-NW",2017,"n",174,99,75,0,0,0,0.0476466664287615,0,0,0,0.0238233332143808,0,0,0,0,0,0,0,0,0,3.2119081947626,15.2412131013609,9.22656064806175,0,0,0
"ABMI-4-SW_2017","DecidMixed","None","None","ABMI-4-SW",2017,"y",174,99,75,1.02187237300012,0,1.02187237300012,0,0,0,0,0,0,0,0,0,0,0,0.907182162506113,0,0.453591081253057,0.108408130850811,0,0.0542040654254055,0,0,0
"ABMI-404-NW_2018","DecidMixed","Open","Prod","ABMI-404-NW",2018,"n",282,100,182,1.11155831352659,0,1.11155831352659,0,0,0,0,0,0,0,0,0,0,0,0.2124348150293,0,0.10621740751465,0.214648099084607,3.13187794557633,1.67326302233047,0,0,0
"ABMI-414-SW_2015","UpCon","Open","Low","ABMI-414-SW",2015,"y",146,95,51,1.43169655441483,0,1.43169655441483,0,0,0,0,0,0,0,0,0,0,0,0,0,0,0,0.626359754061584,0.313179877030792,0,0,0
"ABMI-416-NW_2017","DecidMixed","Open","Prod","ABMI-416-NW",2017,"n",138,81,57,0.516937277572693,0,0.516937277572693,0,0,0,0,0,0,0,0,0,0,0,0,0,0,0,0,0,0,0,0
"ABMI-416-SE_2017","DecidMixed","Open","Prod","ABMI-416-SE",2017,"n",139,81,58,0.638438873389398,0,0.638438873389398,0,0,0,0,0,0,0,0,0,0,0,0,0.929805639167327,0.464902819583663,0,0,0,0,0,0
"ABMI-416-SW_2017","DecidMixed","None","None","ABMI-416-SW",2017,"y",139,81,58,0.0841823063041858,0,0.0841823063041858,0,0,0,0,0,0,0,0,0,0,0,0.12430718044499,0,0.062153590222495,0,0,0,0.125336226885916,0,0.062668113442958
"ABMI-421-NE_2016","UpCon","Open","Prod","ABMI-421-NE",2016,"y",186,159,27,18.4618898708389,0,18.4618898708389,0,0,0,0,0,0,0.91040879139261,0.455204395696305,0,0,0,1.68281388332396,14.281856287512,7.98233508541798,0.510849673723804,2.74329676775093,1.62707322073737,0,0,0
"ABMI-422-NE_2016","UpCon","None","None","ABMI-422-NE",2016,"y",186,159,27,35.651910844517,0,35.651910844517,0,0,0,0,0,0,5.4591211592054,2.7295605796027,0,0,0,0.0820452023668791,0.564784550322822,0.323414876344851,0,0,0,0.654386654921191,0,0.327193327460595
"ABMI-443-NE_2015","UpCon","Open","Low","ABMI-443-NE",2015,"y",148,95,53,2.8830597721003,0,2.8830597721003,0,0,0,0,0,0,0,0,0,0,0,0,0,0,0.225945367457481,0,0.112972683728741,0,0,0
"ABMI-443-SW_2015","UpCon","None","None","ABMI-443-SW",2015,"y",148,95,53,4.05697533401133,0,4.05697533401133,0,0,0,0,0,0,0,0,0,0,0,0,0,0,0,0.41413824950393,0.207069124751965,0,0,0
"ABMI-447-NE_2017","DecidMixed","Open","Prod","ABMI-447-NE",2017,"y",135,81,54,0.844781322311262,0,0.844781322311262,0,0,0,0,0,0,0,0,0.519509545653718,1.04070911066102,0.780109328157369,0,0,0,0,0,0,0.685371132683056,0,0.342685566341528
"ABMI-447-NW_2017","DecidMixed","Open","Prod","ABMI-447-NW",2017,"n",136,82,54,0.291671106902246,0,0.291671106902246,0,0,0,0,0,0,0,0,0,0,0,0.999092513033546,0.158435024910715,0.57876376897213,0,0,0,9.43729575585485,0,4.71864787792742
"ABMI-448-SW_2018","DecidMixed","Open","Prod","ABMI-448-SW",2018,"n",154,93,61,0,0,0,0,0.127856590223235,0,0,0.0639282951116175,0,0,0,0,0,0,0,0,0,0.423090269676962,0.327705581424014,0.375397925550488,1.28610694950845,0,0.643053474754225
"ABMI-451-NE_2016","UpCon","Open","Prod","ABMI-451-NE",2016,"y",186,160,26,11.9854330028075,0,11.9854330028075,0,0,0,0,0,0,0,0,0,0,0,0.960273923819686,14.2402134120559,7.60024366793779,0,2.23882377363207,1.11941188681603,0,0,0
"ABMI-452-SE_2016","UpCon","Open","Prod","ABMI-452-SE",2016,"n",186,159,27,0.0380584696499419,0,0.0380584696499419,0,0,0,0,0,0,0,0,0,0,0,2.90690735964994,0,1.45345367982497,0,0,0,0,0,0
"ABMI-465-NE_2018","UpCon","Open","Low","ABMI-465-NE",2018,"y",282,100,182,0.0510551728652136,0,0.0510551728652136,0,0,0,0,0,0,0,0,0,0,0,0,0,0,6.57016478354415,2.75152855135911,4.66084666745163,0,0,0
"ABMI-472-NE_2015","UpCon","Open","Low","ABMI-472-NE",2015,"y",151,96,55,7.98077584307685,0,7.98077584307685,1.75135389187729,0,0,0,0.875676945938645,0,0,0,0,0,0,7.89121933415254,0,3.94560966707627,0,1.19723603038409,0.598618015192045,0,0,0
"ABMI-473-NW_2015","DecidMixed","Open","Low","ABMI-473-NW",2015,"n",148,93,55,0.359399306495938,0,0.359399306495938,0,0,0,0,0,0,0,0,0,0,0,0,0,0,0,0.363455281215725,0.181727640607863,0,0,0
"ABMI-481-NE_2016","UpCon","Open","Low","ABMI-481-NE",2016,"y",186,160,26,0,0,0,0,0,0,0,0,0,0,0,0,0,0,0,0,0,0,0.384423855132017,0.192211927566008,0.143887849523749,0,0.0719439247618745
"ABMI-482-SE_2016","DecidMixed","Open","Low","ABMI-482-SE",2016,"n",183,158,25,0,0,0,0,0,0,0,0,0,0,0,0,0,0,0.0778473904523422,0,0.0389236952261711,0,0,0,0.754213580063801,0,0.377106790031901
"ABMI-5-SE_2017","UpCon","Open","Low","ABMI-5-SE",2017,"n",176,101,75,0,0,0,0,0,0,0,0,0,0,0,0,0,0,0,0,0,0.212522870380799,0,0.1062614351904,0,0,0
"ABMI-5-SW_2017","UpCon","None","None","ABMI-5-SW",2017,"y",176,101,75,0.0599138284588195,0,0.0599138284588195,0,0,0,0,0,0,0,0,0,0,0,0,0,0,0,0,0,0,0,0
"ABMI-504-NE_2018","DecidMixed","None","None","ABMI-504-NE",2018,"y",191,98,93,0,0,0,0,0,0,0,0,0,0,0,0,0,0,0,0,0,0,0.638247653295356,0.319123826647678,0,0,0
"ABMI-512-NW_2015","DecidMixed","None","None","ABMI-512-NW",2015,"n",140,83,57,11.2257181502656,0,11.2257181502656,0,0,0,0,0,0,0,0,0,0,0,0,0,0,0,0,0,3.26051163934339,0.158479966008727,1.70949580267606
"ABMI-512-SW_2015","DecidMixed","Open","Prod","ABMI-512-SW",2015,"y",140,83,57,30.5216466844311,0,30.5216466844311,0,0,0,0,0,0,0,0,0,0,0,0,0,0,0,0,0,0.739858055211604,0,0.369929027605802
"ABMI-528-NW_2016","UpCon","Open","Prod","ABMI-528-NW",2016,"n",125,83,42,0,0,0,0,0,0,0,0,0,0,0,0,0,0,0,0,0,0,0,0,0,0,0
"ABMI-536-SE_2018","DecidMixed","None","None","ABMI-536-SE",2018,"n",157,97,60,0,0,0,0,0,0,0,0,0,0,0,0,0,0,0,0,0,0,0,0,0.124419792869682,0,0.062209896434841
"ABMI-539-NE_2016","DecidMixed","Open","Prod","ABMI-539-NE",2016,"y",199,163,36,0.86587544800441,0,0.86587544800441,0.047641454642357,0,0,0,0.0238207273211785,0,0,0,0,0,0,3.0494926449614,0.113695287207437,1.58159396608442,0,0,0,0.264811359213722,0,0.132405679606861
"ABMI-539-SW_2016","DecidMixed","Open","Prod","ABMI-539-SW",2016,"y",199,163,36,0.372080991883554,0,0.372080991883554,0,0,0,0,0,0,0,0,0,0,0,4.78952376612059,0,2.3947618830603,0,0,0,0.5627741671387,0,0.28138708356935
"ABMI-541-SE_2014","UpCon","None","None","ABMI-541-SE",2014,"n",123,102,21,0.116904746050592,0,0.116904746050592,0,0,0,0,0,0,0,0,0.101280070293473,0,0.0506400351467365,0,0,0,0,0,0,0,0,0
"ABMI-560-NW_2016","UpCon","Open","Prod","ABMI-560-NW",2016,"n",127,86,41,0,0,0,0,0,0,0,0,0,0,0,0,0,0,0,0,0,0,0,0,0,0,0
"ABMI-560-SE_2016","DecidMixed","Open","Low","ABMI-560-SE",2016,"n",127,86,41,0,0,0,0,0,0,0,0,0,0.2172376417769,0.10861882088845,0,0,0,0,0,0,0,0.24378098130323,0.121890490651615,1.05740280079371,0,0.528701400396855
"ABMI-561-NE_2016","DecidMixed","Open","Low","ABMI-561-NE",2016,"y",127,86,41,4.14247244088885,0,4.14247244088885,0,0,0,0,0,0,0,0,0,0,0,0,0,0,0,0,0,0,0,0
"ABMI-565-NE_2018","UpCon","None","None","ABMI-565-NE",2018,"y",190,98,92,0,0,0,0,0,0,0,0,0,0.322382174715477,0.161191087357738,0,0,0,0,0,0,0,1.08840281713469,0.544201408567345,0,0,0
"ABMI-568-NE_2016","UpCon","Open","Prod","ABMI-568-NE",2016,"y",195,161,34,4.65738117826005,0,4.65738117826005,0,0,0,0,0,0,0,0,0,0,0,0.599495214168131,0,0.299747607084066,0,0,0,0.295623773766524,0,0.147811886883262
"ABMI-568-SE_2016","UpCon","Open","Prod","ABMI-568-SE",2016,"n",195,161,34,0,0,0,0,0,0,0,0,0,0,0,0,0,0,0.219474990358964,0,0.109737495179482,0,0,0,0.289358666293143,1.96018928898087,1.12477397763701
"ABMI-572-NW_2014","UpCon","Open","Low","ABMI-572-NW",2014,"n",123,101,22,0,0,0,0,0,0,0,0,0,0,0,0,0,0,0.467408224115296,0,0.233704112057648,0.1062614351904,0,0.0531307175952,0,0,0
"ABMI-572-SE_2014","DecidMixed","Open","Prod","ABMI-572-SE",2014,"n",123,101,22,0,0,0,0,0,0,0,0,0,0,0,0,0,0,0,0,0,0,0,0,0,0,0
"ABMI-572-SE_2014","UpCon","Open","Prod","ABMI-572-SE",2014,"n",123,101,22,0,0,0,0,0,0,0,0,0,0,0,0,0,0,0,0,0,0,0,0,0,0,0
"ABMI-574-NW_2015","DecidMixed","Open","Prod","ABMI-574-NW",2015,"n",158,100,58,0,0,0,0,0,0,0,0,0,0,0,0,0,0,0,0,0,0,0,0,0.362061597250775,0,0.181030798625388
"ABMI-584-SW_2016","DecidMixed","Open","Prod","ABMI-584-SW",2016,"y",152,97,55,7.59623776422883,0,7.59623776422883,0,0,0,0,0,0,0.179752485295902,0.089876242647951,0,0,0,0.0576514672771047,0.0879413425530826,0.0727964049150936,0,0,0,1.28473149623343,0,0.642365748116715
"ABMI-585-NE_2016","UpCon","None","None","ABMI-585-NE",2016,"y",152,98,54,3.81052837674673,0,3.81052837674673,0.0481328569025244,0.0877312350053464,0,0,0.0679320459539354,0,0,0,0,0,0,5.33244843035671,0,2.66622421517835,0,0,0,0.320802301976074,0,0.160401150988037
"ABMI-585-SE_2016","UpCon","None","None","ABMI-585-SE",2016,"n",152,98,54,0,0,0,0,0,0,0,0,0,0,0,0,0,0,0.256886755368227,0,0.128443377684114,0,0,0,0.14054893002901,2.90518211828074,1.52286552415487
"ABMI-586-NW_2016","DecidMixed","None","None","ABMI-586-NW",2016,"n",156,99,57,0,0,0,0,0,0,0,0,0,0,0,0,0,0,0.892328300094317,0,0.446164150047158,0,0,0,2.64986756380789,0,1.32493378190395
"ABMI-587-NW_2017","DecidMixed","Open","Prod","ABMI-587-NW",2017,"n",5,0,5,NA,0,NA,NA,0,NA,0,0,NA,0,0,NA,0,0,NA,0,0,NA,0,0,NA,0,0
"ABMI-587-SE_2017","DecidMixed","Open","Prod","ABMI-587-SE",2017,"n",305,161,144,4.41593269465387,0,4.41593269465387,0,0.129586098124347,0,0,0.0647930490621735,0,1.82017013528434,0.91008506764217,0,0,0,0.0486216818617611,0,0.0243108409308805,0,0,0,0.768277392463137,0,0.384138696231568
"ABMI-588-NE_2013","DecidMixed","None","None","ABMI-588-NE",2013,"n",130,130,0,0.314975631920507,NA,0.314975631920507,0,NA,0,NA,0,0,NA,0,0.0991497563749056,NA,0.0991497563749056,0,NA,0,0,NA,0,1.20355073580609,NA,1.20355073580609
"ABMI-588-NW_2017","DecidMixed","None","None","ABMI-588-NW",2017,"n",243,98,145,0,0,0,0,0,0,0,0,0,0.0614258159507097,0.0307129079753549,0,0,0,0,0,0,0,0.068931174023672,0.034465587011836,1.18587142359379,0,0.592935711796895
"ABMI-588-SE_2013","DecidMixed","Open","Prod","ABMI-588-SE",2013,"n",130,130,0,0.763846229439712,NA,0.763846229439712,0,NA,0,NA,0,0.195686007680459,NA,0.195686007680459,0,NA,0,0,NA,0,0,NA,0,0.180227611700597,NA,0.180227611700597
"ABMI-588-SE_2017","DecidMixed","Open","Prod","ABMI-588-SE",2017,"n",243,98,145,0,0,0,0,0,0,0,0,0,0,0,0,0,0,7.36351925104872,0,3.68175962552436,0,0.116224302637135,0.0581121513185675,0.304968330699166,0,0.152484165349583
"ABMI-593-NE_2016","UpCon","Open","Low","ABMI-593-NE",2016,"y",117,77,40,0.763726282914402,0,0.763726282914402,0,0,0,0,0,0,0,0,0,0,0,1.78893209582076,0,0.89446604791038,0,1.24937752917905,0.624688764589525,0.216667542206468,0,0.108333771103234
"ABMI-593-NW_2016","UpCon","Open","Low","ABMI-593-NW",2016,"n",117,77,40,0.157176536995864,0,0.157176536995864,0,0,0,0,0,0,0,0,0,0,0,0,0,0,0,0,0,0,0,0
"ABMI-593-SW_2016","UpCon","Open","Low","ABMI-593-SW",2016,"y",117,77,40,1.35709016479124,0,1.35709016479124,0,0,0,0,0,0,0,0,0,0,0,0,0,0,0,0,0,0.0890937660221456,0,0.0445468830110728
"ABMI-595-NW_2016","DecidMixed","None","None","ABMI-595-NW",2016,"n",124,82,42,0.132523367210011,0,0.132523367210011,0,0,0,0,0,0,0,0,0,0,0,0,0,0,0,0,0,0.200581110947719,0,0.100290555473859
"ABMI-595-SE_2016","DecidMixed","Open","Low","ABMI-595-SE",2016,"n",124,82,42,3.74700535722526,0,3.74700535722526,0,0,0,0,0,0,0,0,0,0,0,0,0,0,0,0,0,0,0,0
"ABMI-6-NW_2017","UpCon","Open","Low","ABMI-6-NW",2017,"n",174,100,74,0,0,0,0,0,0,0,0,0,0,0,0,0,0,0,0,0,0,0.13506784099233,0.067533920496165,0,0,0
"ABMI-6-SW_2017","UpCon","Open","Low","ABMI-6-SW",2017,"y",174,100,74,0,0,0,0,0,0,0,0,0,0,0,0,0,0,0,0,0,0,0.336327802148291,0.168163901074145,0,0,0
"ABMI-600-NE_2015","DecidMixed","Open","Prod","ABMI-600-NE",2015,"y",131,77,54,0.841498705766063,0,0.841498705766063,0,0,0,0,0,0,0,0,0.189550680968919,0,0.0947753404844595,0,0,0,0,0,0,5.88176177699769,0.8625993002357,3.37218053861669
"ABMI-606-NE_2018","DecidMixed","Open","Prod","ABMI-606-NE",2018,"y",170,94,76,0.145444307522444,0,0.145444307522444,0,0,0,0,0,0,0,0,0,0,0,0,0,0,0,0,0,0.764370738406602,2.86860499951355,1.81648786896008
"ABMI-607-SW_2018","DecidMixed","Open","Prod","ABMI-607-SW",2018,"n",193,95,98,0.999457088896888,0,0.999457088896888,0,0,0,0,0,0,0.0908851358454378,0.0454425679227189,0,0,0,0,0,0,0,0,0,0,0.32663345975829,0.163316729879145
"ABMI-616-NE_2016","DecidMixed","Open","Prod","ABMI-616-NE",2016,"y",136,83,53,1.95088777393774,0,1.95088777393774,0.0935609289964361,0.871955314181408,0,0,0.482758121588922,0,0,0,0,0,0,0.938388461857369,0,0.469194230928685,0,0,0,5.44275655856714,13.5270401304464,9.48489834450677
"ABMI-616-SW_2016","DecidMixed","Open","Prod","ABMI-616-SW",2016,"y",136,83,53,0,0,0,0.440371384212418,1.62766936461467,0,0,1.03402037441354,0,0.168051760619866,0.084025880309933,0,0,0,0,0,0,0,0,0,0,0.784846445542017,0.392423222771008
"ABMI-617-SE_2016","UpCon","Open","Prod","ABMI-617-SE",2016,"n",140,84,56,0,0,0,0,0,0,0,0,0,0,0,0,0,0,0.10206571450315,6.05949898358716,3.08078234904515,0,1.83716874359244,0.91858437179622,1.37487257629406,0,0.68743628814703
"ABMI-619-NE_2017","DecidMixed","Open","Low","ABMI-619-NE",2017,"y",244,101,143,0.151987951934611,1.3176448697001,0.151987951934611,0,0.0993851303694992,0,0,0.0496925651847496,0,0,0,0.195180245071423,0,0.0975901225357115,0,0,0,0,0,0,0.0688919982847448,1.34576735898282,0.707329678633782
"ABMI-619-SE_2017","UpCon","Open","Prod","ABMI-619-SE",2017,"n",244,101,143,0.0599138284588195,0,0.0599138284588195,0,0,0,0,0,0,0,0,0,0,0,0.0479890380478517,0,0.0239945190239258,0,0,0,1.64174204554931,1.0248170201079,1.3332795328286
"ABMI-619-SW_2017","UpCon","Open","Prod","ABMI-619-SW",2017,"y",244,101,143,7.66851889368948,4.46282975866996,7.66851889368948,0,0.736097101539213,0,0,0.368048550769607,0,0,0,0,0,0,0.0332306324069862,0,0.0166153162034931,0,0,0,0.419208429712265,2.1555048006053,1.28735661515878
"ABMI-620-NW_2017","DecidMixed","Open","Prod","ABMI-620-NW",2017,"n",305,161,144,0,0,0,0,0,0,0,0,0,0,0,0.0323774214430266,0,0.0161887107215133,0.0949135753165108,0,0.0474567876582554,0,0,0,0.412214052015377,0,0.206107026007688
"ABMI-620-SW_2017","DecidMixed","None","None","ABMI-620-SW",2017,"y",305,161,144,0.562899035059815,0,0.562899035059815,0.16215951577571,0,0,0,0.081079757887855,0,0,0,0.134807617777911,0.458867207489862,0.296837412633887,0.136576279425785,0,0.0682881397128925,0,0,0,0.0467571338603634,0,0.0233785669301817
"ABMI-621-NW_2013","DecidMixed","Open","Prod","ABMI-621-NW",2013,"n",141,141,0,0,NA,0,0,NA,0,NA,0,0,NA,0,0,NA,0,0,NA,0,0.614878859591104,NA,0.614878859591104,0.166656817776725,NA,0.166656817776725
"ABMI-621-NW_2017","DecidMixed","Open","Low","ABMI-621-NW",2017,"n",243,100,143,0,0,0,0,0,0,0,0,0,0,0,0,0,0,0,0,0,0.214648099084607,0.349476231938197,0.282062165511402,0,0,0
"ABMI-621-SE_2017","UpCon","Open","Prod","ABMI-621-SE",2017,"n",243,100,143,0,0,0,0,0,0,0,0,0,0,0,0,0,0,0,0,0,0,0,0,0.267617756429591,0.65154376240458,0.459580759417086
"ABMI-622-NE_2018","DecidMixed","Open","Prod","ABMI-622-NE",2018,"y",238,97,141,5.55410837900359,0,5.55410837900359,0,0,0,0,0,0,0,0,0,0,0,0.441826459350027,0.46627809218038,0.454052275765204,0,0.148721162023309,0.0743605810116545,0.15076323658927,0,0.075381618294635
"ABMI-622-SW_2018","DecidMixed","Open","Prod","ABMI-622-SW",2018,"y",238,97,141,0,0,0,0,0,0,0,0,0.197192580924703,3.82456355508118,2.01087806800294,0,0,0,0,0.561781020819868,0.280890510409934,0,0,0,0,0,0
"ABMI-623-NW_2018","DecidMixed","None","None","ABMI-623-NW",2018,"n",242,100,142,0,0,0,0,0,0,0,0,0,0,0,0,0,0,0.0410159335663621,0,0.0205079667831811,0,0,0,0,0,0
"ABMI-623-SE_2018","DecidMixed","Open","Prod","ABMI-623-SE",2018,"n",242,100,142,0.349846901010857,0,0.349846901010857,0,0,0,0,0,0,0,0,0,0.0493026621401596,0.0246513310700798,0,2.71024615977799,1.355123079889,0,0,0,0.182499396540369,0,0.0912496982701845
"ABMI-624-NW_2018","UpCon","Open","Low","ABMI-624-NW",2018,"n",239,99,140,1.27990988724033,0,1.27990988724033,0,0,0,0,0,0,0,0,0,0,0,0,0,0,0.108408130850811,0.142786003334749,0.12559706709278,0,0,0
"ABMI-624-SE_2018","UpCon","None","None","ABMI-624-SE",2018,"n",239,99,140,9.34264203365127,0,9.34264203365127,0,0,0,0,0,0,0,0,0,0,0,2.16303850577241,0,1.0815192528862,0,0,0,0,0,0
"ABMI-624-SW_2018","DecidMixed","Open","Prod","ABMI-624-SW",2018,"y",239,99,140,5.42423301370265,0,5.42423301370265,0,0,0,0,0,0,0.140591574824942,0.070295787412471,3.13234194837194,0,1.56617097418597,0.405187261091068,0,0.202593630545534,0.952268422547416,0.986830672091226,0.969549547319321,0,0,0
"ABMI-627-NE_2016","DecidMixed","Open","Prod","ABMI-627-NE",2016,"y",121,79,42,0.0646268010952071,0,0.0646268010952071,0,0,0,0,0,0,0,0,0,0,0,0,0,0,0,0,0,1.50741822589125,0,0.753709112945625
"ABMI-627-SE_2016","DecidMixed","None","None","ABMI-627-SE",2016,"n",121,79,42,0,0,0,0,0,0,0,0,0,0,0,0,0,0,0,0,0,0,0,0,0,0,0
"ABMI-635-NE_2017","UpCon","Open","Low","ABMI-635-NE",2017,"y",138,84,54,2.17301103329714,0,2.17301103329714,0,0,0,0,0,0,0,0,0,0,0,1.233522228462,0,0.616761114231,0.1277667256456,0,0.0638833628228,0,0,0
"ABMI-635-NW_2017","UpCon","Open","Prod","ABMI-635-NW",2017,"n",138,84,54,0,0,0,0,0,0,0,0,0,0,0,0,0,0,0.622946732029806,0,0.311473366014903,0,0,0,0,0,0
"ABMI-635-SE_2017","UpCon","Open","Low","ABMI-635-SE",2017,"n",138,84,54,0,0,0,0,0,0,0,0,0,0,0,0,0,0,0.07544633110191,0,0.037723165550955,0,0,0,0,0,0
"ABMI-636-SW_2017","DecidMixed","None","None","ABMI-636-SW",2017,"y",142,86,56,2.97627497007483,0,2.97627497007483,0,0,0,0,0,0,0,0,0,0,0,5.12656073037597,0,2.56328036518798,0,0,0,0.303755199218128,0,0.151877599609064
"ABMI-639-NE_2018","DecidMixed","Open","Low","ABMI-639-NE",2018,"y",151,94,57,5.85712875535121,0,5.85712875535121,0,0,0,0,0,0.10174298058349,1.89211797427101,0.99693047742725,0,0,0,0,0,0,0,0,0,3.45852784959754,9.28316522943308,6.37084653951531
"ABMI-640-NE_2016","UpCon","None","None","ABMI-640-NE",2016,"y",125,95,30,0.650655640685424,0,0.650655640685424,0,0,0,0,0,0,1.50511827714856,0.75255913857428,0.549693845246787,0,0.274846922623393,0.207925079369549,0,0.103962539684774,0,0,0,1.21307080514726,0,0.60653540257363
"ABMI-640-NW_2016","UpCon","None","None","ABMI-640-NW",2016,"n",128,95,33,0.0636978597299027,0,0.0636978597299027,0,0,0,0,0,0,0,0,0,0,0,0,0,0,0,0,0,0.0670146651223573,0,0.0335073325611787
"ABMI-640-SE_2016","UpCon","Open","Low","ABMI-640-SE",2016,"n",125,95,30,5.50363776157996,0,5.50363776157996,0,0,0,0,0,0,0,0,0.55319246494701,0,0.276596232473505,2.26775935021452,0,1.13387967510726,0,0.333167341114414,0.166583670557207,0.486635435133892,0,0.243317717566946
"ABMI-648-SE_2016","DecidMixed","Open","Prod","ABMI-648-SE",2016,"n",140,85,55,4.06794040589296,0,4.06794040589296,0.110988705328173,0.27248241195063,0,0,0.191735558639402,0,0,0,0,0,0,11.4469790744234,4.1376837993634,7.7923314368934,0,0,0,0.681645459311801,0,0.3408227296559
"ABMI-651-SE_2017","UpCon","Open","Low","ABMI-651-SE",2017,"n",248,102,146,0.109096611082334,0,0.109096611082334,0.0462452938867391,0,0,0,0.0231226469433695,0,0,0,0,0,0,0.229841444353291,0,0.114920722176646,0,0,0,0.638157422373045,0.135360974737883,0.386759198555464
"ABMI-653-SW_2013","DecidMixed","None","None","ABMI-653-SW",2013,"n",141,141,0,0,NA,0,0,NA,0,NA,0,0,NA,0,0,NA,0,0.163894868125544,NA,0.163894868125544,0,NA,0,0,NA,0
"ABMI-664-SW_2015","UpCon","None","None","ABMI-664-SW",2015,"y",122,77,45,0,0,0,0,0,0,0,0,0,0,0,0,0,0,0,0,0,0,0,0,0.753308911408141,0,0.376654455704071
"ABMI-672-NE_2016","UpCon","Open","Low","ABMI-672-NE",2016,"y",125,95,30,19.8548730124789,0,19.8548730124789,0,0,0,0,0,0,0,0,0,0,0,0.639414254816958,0,0.319707127408479,0,0,0,0.679276262014196,0,0.339638131007098
"ABMI-672-NW_2016","UpCon","Open","Low","ABMI-672-NW",2016,"n",125,95,30,1.41714908134169,0,1.41714908134169,0.266373452995726,0,0,0,0.133186726497863,0,0,0,0,0,0,0.160853532957104,0,0.080426766478552,0,0,0,0.154260404064636,0,0.077130202032318
"ABMI-680-SW_2018","DecidMixed","Open","Prod","ABMI-680-SW",2018,"n",156,78,78,0.821044479992601,0,0.821044479992601,0,0,0,0,0,0,0,0,0,0,0,2.32232625451221,0.238504511034954,1.28041538277358,0,0,0,0.29949445814919,0.872488196856048,0.585991327502619
"ABMI-681-NE_2018","DecidMixed","None","None","ABMI-681-NE",2018,"n",160,77,83,0,0,0,0,0,0,0,0,0,0,0,0,0,0,0,0,0,0,0.361265791569848,0.180632895784924,0.115254251394275,0,0.0576271256971375
"ABMI-696-NE_2018","UpCon","Open","Prod","ABMI-696-NE",2018,"y",168,110,58,15.7093946693878,0,15.7093946693878,0,0,0,0,0,0,0,0,0,0,0,0,0,0,0,0,0,0.0554510002473582,0,0.0277255001236791
"ABMI-697-NW_2016","DecidMixed","None","None","ABMI-697-NW",2016,"n",152,99,53,0.299655144469499,0,0.299655144469499,0,0,0,0,0,0,0,0,0,0,0,0,0,0,0,0,0,0.236187998208201,0,0.1180939991041
"ABMI-699-SW_2016","DecidMixed","None","None","ABMI-699-SW",2016,"y",144,101,43,4.83421602093112,0,4.83421602093112,0.28758692751131,0,0,0,0.143793463755655,0,0,0,0.127618498304334,0,0.063809249152167,0,0,0,0,0,0,0.209714822762989,0,0.104857411381495
"ABMI-7-NE_2018","UpCon","Open","Low","ABMI-7-NE",2018,"n",249,111,138,1.09653753339271,0,1.09653753339271,0,0,0,0,0,0,0,0,0,0,0,0,0,0,2.4473024583163,3.69927906593444,3.07329076212537,0,0,0
"ABMI-710-NE_2018","DecidMixed","None","None","ABMI-710-NE",2018,"y",161,80,81,18.0940937263243,0,18.0940937263243,0,0,0,0,0,0,0.109959793985838,0.054979896992919,0,0,0,9.16692738833525,0.335173813197211,4.75105060076623,0,0,0,0.15884435523199,0,0.079422177615995
"ABMI-710-SW_2018","DecidMixed","Open","Prod","ABMI-710-SW",2018,"n",161,80,81,3.97902623284465,0,3.97902623284465,0,0.343979281907194,0,0,0.171989640953597,0,0,0,0,0,0,0.153748596093404,0,0.076874298046702,0,0,0,0.157981582913981,0.196754779955263,0.177368181434622
"ABMI-711-SW_2018","DecidMixed","Open","Prod","ABMI-711-SW",2018,"n",159,82,77,34.4863980343085,0,34.4863980343085,0.0723946044388374,0.0774300718183715,0,0,0.0749123381286045,0,0,0,0,0,0,0.627261575655535,0,0.313630787827767,0,0,0,0.439926939337149,0.660067745669648,0.549997342503398
"ABMI-723-NE_2017","DecidMixed","None","None","ABMI-723-NE",2017,"y",217,80,137,0.106650204184459,0,0.106650204184459,0,0,0,0,0,0,0.115067496071569,0.0575337480357845,0,0,0,5.28243240681557,0,2.64121620340778,0,0.15161384960636,0.07580692480318,1.13620618342274,0,0.56810309171137
"ABMI-723-SE_2017","DecidMixed","None","None","ABMI-723-SE",2017,"n",217,80,137,0,0,0,0,0,0,0,0,0,0,0,0,0,0,0.610314921870536,0.88469984458974,0.747507383230138,0,0,0,0.0268491912209746,0,0.0134245956104873
"ABMI-725-NE_2018","DecidMixed","Open","Prod","ABMI-725-NE",2018,"y",164,101,63,1.68678845338827,0,1.68678845338827,0,0,0,0,0,0.365481943757328,0.858099867100152,0.61179090542874,0,0,0,0,0,0,0.1062614351904,0,0.0531307175952,3.71253073788678,0,1.85626536894339
"ABMI-728-NE_2016","DecidMixed","Open","Low","ABMI-728-NE",2016,"y",145,100,45,3.34700662964186,0,3.34700662964186,0,0,0,0,0,0,0,0,0,0,0,1.24465036284841,0,0.622325181424205,0.107324049542304,2.21228954301987,1.15980679628109,0.374838167454775,0,0.187419083727387
"ABMI-729-SE_2016","UpCon","None","None","ABMI-729-SE",2016,"n",146,100,46,0.192097740671617,0,0.192097740671617,0,0,0,0,0,0,0,0,0,0,0,0,0.505030384973934,0.252515192486967,0,0,0,1.98359811845991,1.97932064574064,1.98145938210028
"ABMI-729-SW_2016","UpCon","Open","Prod","ABMI-729-SW",2016,"y",146,100,46,14.2104156861607,0,14.2104156861607,0.543952829655914,0,0,0,0.271976414827957,0,0.300107830542641,0.150053915271321,0.137424353816722,0,0.068712176908361,0,0,0,0,0,0,5.90399059031223,0,2.95199529515611
"ABMI-730-SE_2016","DecidMixed","Open","Prod","ABMI-730-SE",2016,"n",141,97,44,0.812268430395926,0,0.812268430395926,0,0,0,0,0,0,0,0,0,0,0,0,0,0,0,0,0,0,0,0
"ABMI-753-NW_2017","DecidMixed","Open","Prod","ABMI-753-NW",2017,"n",217,81,136,1.30968574508605,0,1.30968574508605,0,0,0,0,0,0,0,0,0.0643551216336704,0.0775699482608016,0.070962534947236,0,0,0,0,0,0,6.71270551709188,0.237917581891762,3.47531154949182
"ABMI-760-NW_2016","DecidMixed","Open","Prod","ABMI-760-NW",2016,"n",144,97,47,5.71798432458894,0,5.71798432458894,0,0,0,0,0,0,0,0,0.0537398438384257,0,0.0268699219192128,0.149853465374606,0,0.074926732687303,0,0,0,0.71454897339794,11.4252115846135,6.06988027900572
"ABMI-761-NW_2016","DecidMixed","None","None","ABMI-761-NW",2016,"n",127,101,26,0,0,0,0,0,0,0,0,0,0,0,0,0,0,0,0,0,0,0,0,7.09658634780855,4.79483682170051,5.94571158475453
"ABMI-761-SE_2016","UpCon","Open","Low","ABMI-761-SE",2016,"n",127,101,26,4.45136476295583,0,4.45136476295583,0.0467122598570685,0,0,0,0.0233561299285342,0,0,0,0,0,0,1.23688149180677,0,0.618440745903385,0,0,0,2.94998660146931,3.81535533415736,3.38267096781333
"ABMI-767-NW_2018","DecidMixed","Open","Prod","ABMI-767-NW",2018,"n",205,81,124,0,0,0,0,0,0,0,0,0,0,0,0,0,0,0.0920525485741424,0.0629979664857,0.0775252575299212,0,0,0,0.0701288247698668,0,0.0350644123849334
"ABMI-767-SE_2018","DecidMixed","Open","Prod","ABMI-767-SE",2018,"n",205,81,124,0,0,0,0,0,0,0,0,0,0,0,0,0,0,1.8290285131306,0.465117574762368,1.14707304394648,0.132498826595436,0.391921652341211,0.262210239468324,0,0,0
"ABMI-767-SW_2018","UpCon","Open","Prod","ABMI-767-SW",2018,"y",205,81,124,0,0,0,0.342302898318085,0,0,0,0.171151449159043,0,0,0,0,0,0,1.18617071179512,3.15149792432407,2.1688343180596,0.210418587691282,0.159608500142336,0.185013543916809,0.34009370723069,0,0.170046853615345
"ABMI-768-SW_2018","UpCon","Open","Prod","ABMI-768-SW",2018,"y",28,0,28,NA,0,NA,NA,0.3879086229352,NA,0,0.3879086229352,NA,0,0,NA,0,0,NA,0,0,NA,0,0,NA,0,0
"ABMI-769-NE_2018","UpCon","Open","Prod","ABMI-769-NE",2018,"y",205,82,123,0,0,0,0,0,0,0,0,0,0,0,0,0,0,4.77050080642659,0.142117181760979,2.45630899409378,1.91175777997095,1.48959259756236,1.70067518876666,0,0,0
"ABMI-769-SW_2018","DecidMixed","Open","Low","ABMI-769-SW",2018,"y",205,82,123,2.5970396694431,0,2.5970396694431,0.129917667879955,0,0,0,0.0649588339399775,0,0,0,0,0,0,5.4148933622169,2.2767156336876,3.84580449795225,0,0.0812603271010767,0.0406301635505383,0.147179511077551,0,0.0735897555387755
"ABMI-782-NE_2018","DecidMixed","None","None","ABMI-782-NE",2018,"y",181,83,98,2.16406445476752,0,2.16406445476752,0.0568300144839958,0,0,0,0.0284150072419979,0,0,0,0,0,0,0,0,0,0,0.101990002381964,0.050995001190982,0.122316076840472,3.01730229684586,1.56980918684317
"ABMI-791-SW_2015","DecidMixed","Open","Prod","ABMI-791-SW",2015,"y",134,95,39,0,0,0,0,0,0,0,0,0,0,0,0,0,0,0.32560394540066,0,0.16280197270033,0,0,0,4.51376771249175,0,2.25688385624587
"ABMI-792-NW_2015","UpCon","Open","Low","ABMI-792-NW",2015,"n",125,85,40,0.0711917255804795,0,0.0711917255804795,0,0,0,0,0,0,0,0,0,0,0,0,0,0,0,0,0,0.377792612099656,11.0036570430314,5.69072482756553
"ABMI-792-SE_2015","UpCon","Open","Low","ABMI-792-SE",2015,"n",125,85,40,0,0,0,0,0,0,0,0,0,0,0,0.101466271341944,0.131868912043363,0.116667591692654,0,0,0,0,0,0,1.06082956920389,3.05405297241251,2.0574412708082
"ABMI-816-SE_2018","DecidMixed","Open","Prod","ABMI-816-SE",2018,"n",160,82,78,0.0622624059331874,0,0.0622624059331874,0,0.121470714896054,0,0,0.060735357448027,0,0.616570236534896,0.308285118267448,0,0,0,0.0591084492836303,0,0.0295542246418152,0,0,0,0.759155394250633,0,0.379577697125317
"ABMI-823-SE_2015","DecidMixed","Open","Prod","ABMI-823-SE",2015,"n",142,101,41,0.320938770444646,1.79431794340404,0.320938770444646,0.0994407483688098,0,0,0,0.0497203741844049,0,0,0,0,0,0,2.77091487788692,0,1.38545743894346,0,4.76486570907335,2.38243285453667,0,0,0
"ABMI-824-SW_2015","DecidMixed","Open","Prod","ABMI-824-SW",2015,"y",125,85,40,0,0,0,0.313732773115363,2.70401887884197,0,0,1.50887582597867,0,2.70408181229877,1.35204090614938,0,0,0,0,0,0,0,0,0,10.8979891608113,0,5.44899458040565
"ABMI-825-NE_2015","DecidMixed","Open","Prod","ABMI-825-NE",2015,"y",135,93,42,0.754567396958727,0,0.754567396958727,0,0.112794235260623,0,0,0.0563971176303115,0,0,0,0,0,0,0,0,0,0,0,0,1.56263896601751,3.97481517982655,2.76872707292203
"ABMI-825-NW_2015","DecidMixed","None","None","ABMI-825-NW",2015,"n",135,93,42,0,0,0,0.0507192602384049,0,0,0,0.0253596301192025,0,0,0,0,0,0,0,0,0,0,0,0,4.94939513982702,5.44227343990551,5.19583428986627
"ABMI-825-SW_2015","UpCon","Open","Prod","ABMI-825-SW",2015,"y",134,93,41,5.80810409370947,0,5.80810409370947,0.152157780715215,0.231090628338835,0,0,0.191624204527025,0,0,0,0,0,0,0,0,0,0,0,0,0,0.922683149371891,0.461341574685945
"ABMI-826-SW_2017","DecidMixed","None","None","ABMI-826-SW",2017,"y",92,0,92,NA,0,NA,NA,0,NA,0,0,NA,0,0,NA,0.0760975872163333,0.0760975872163333,NA,0,0,NA,0,0,NA,0.138331587083701,0.138331587083701
"ABMI-827-SE_2017","UpCon","Open","Low","ABMI-827-SE",2017,"n",262,137,125,0.755036924414489,0,0.755036924414489,0.104467434811145,0.0770932039344497,0,0,0.0907803193727973,0,0,0,0,0,0,0,0,0,2.71575971614999,0.0799601618674595,1.39785993900872,5.2222842006958,1.27472641903867,3.24850530986723
"ABMI-833-SW_2018","DecidMixed","Open","Prod","ABMI-833-SW",2018,"y",204,79,125,0,0,0,0.359435208132318,0.274071217097125,0,0,0.316753212614722,0,0,0,0,0,0,3.84337581191483,0,1.92168790595742,0,0,0,7.88678266740178,0,3.94339133370089
"ABMI-848-SE_2018","DecidMixed","None","None","ABMI-848-SE",2018,"n",113,81,32,1.11932468685074,0,1.11932468685074,0,0,0,0,0,0,0,0,0,0,0,0,11.0215838167516,5.5107919083758,0,0,0,1.14720806866661,0.805797865862007,0.976502967264308
"ABMI-848-SW_2018","DecidMixed","None","None","ABMI-848-SW",2018,"y",113,81,32,0.12606215522275,0,0.12606215522275,0,0.570897410086655,0,0,0.285448705043327,0,0,0,0,0,0,0,4.62561434604797,2.31280717302399,0,0,0,3.73587140455367,0,1.86793570227684
"ABMI-855-NW_2015","DecidMixed","None","None","ABMI-855-NW",2015,"n",137,96,41,0.0531824717345975,0,0.0531824717345975,0.136376890518567,0,0,0,0.0681884452592835,0,0,0,0,0,0,0,0,0,0,0,0,0.125715832378741,0.36842444085279,0.247070136615766
"ABMI-856-NW_2015","DecidMixed","Open","Prod","ABMI-856-NW",2015,"n",137,97,40,0,0,0,0.271601414687063,0.164362358863722,0,0,0.217981886775392,0,0,0,0,0,0,0,0,0,0.221286700087224,0.749626517507433,0.485456608797329,10.5451565132132,7.96634573625256,9.25575112473288
"ABMI-857-NW_2015","DecidMixed","Open","Prod","ABMI-857-NW",2015,"n",122,94,28,0.903628218988002,0,0.903628218988002,0.100362127158455,0,0,0,0.0501810635792275,0,0,0,0,0,0,2.42623973139077,0.119617387128849,1.27292855925981,0.465620206227917,0.713930016673745,0.589775111450831,5.55013525957064,1.18667802999936,3.368406644785
"ABMI-858-SE_2017","DecidMixed","None","None","ABMI-858-SE",2017,"n",199,104,95,0.189116713860785,0,0.189116713860785,0,0,0,0,0,0,0.0937551927668727,0.0468775963834364,0,0,0,2.26037068490777,0.966170616850131,1.61327065087895,0,0,0,5.822982870446,6.21575598492676,6.01936942768638
"ABMI-859-SE_2017","DecidMixed","None","None","ABMI-859-SE",2017,"n",201,74,127,0,0.0402009235159163,0,0,0,0,0,0,0,0,0,0,0,0,0.105785010537075,0,0.0528925052685375,0,0,0,1.95591036306995,1.57083135176656,1.76337085741825
"ABMI-888-NE_2018","DecidMixed","Open","Prod","ABMI-888-NE",2018,"y",141,100,41,3.33809806916295,0,3.33809806916295,1.22029647520744,0,0,0,0.61014823760372,0.253425917967569,0.2172376417769,0.235331779872235,0,0,0,1.64275471120859,0,0.821377355604295,0.340878112059879,2.61927259666506,1.48007535436247,2.96910617214568,2.14191878864669,2.55551248039619
"ABMI-888-SW_2018","DecidMixed","Open","Prod","ABMI-888-SW",2018,"n",141,100,41,0.791674261806779,0,0.791674261806779,0,0.160353520842656,0,0,0.080176760421328,0,0,0,0,0,0,0,0,0,0,0,0,2.66801851716518,0.316994367456456,1.49250644231082
"ABMI-892-SE_2016","UpCon","Open","Prod","ABMI-892-SE",2016,"n",135,79,56,0.924320066093284,0,0.924320066093284,0.179127340877749,0,0,0,0.0895636704388745,0,0,0,0,0,0,0.2446003112436,0,0.1223001556218,1.78174531484503,2.24551667366705,2.01363099425604,1.11164177694779,3.97405337862194,2.54284757778486
"ABMI-892-SW_2016","DecidMixed","Open","Prod","ABMI-892-SW",2016,"y",135,79,56,0,0,0,0,1.04873158433437,0,0,0.524365792167185,0.294161496799608,0,0.147080748399804,0,0,0,0.0613530739599117,0,0.0306765369799558,2.32515822391997,9.70258515586768,6.01387168989383,0.310522459845136,1.0202863242439,0.665404392044518
"ABMI-905B-SE_2018","UpCon","Open","Low","ABMI-905B-SE",2018,"n",173,77,96,0.265666239375548,0,0.265666239375548,0,0,0,0,0,0,0,0,0,0,0,1.08867467412553,0.127856342186851,0.608265508156191,0,0.312344382294764,0.156172191147382,4.12891155074563,6.30373106304811,5.21632130689687
"ABMI-92-NE_2016","DecidMixed","None","None","ABMI-92-NE",2016,"y",124,95,29,0,0,0,0,0,0,0,0,0,0,0,0,0,0,0,0,0,0,0,0,0,0,0
"ABMI-921-NE_2014","DecidMixed","Open","Prod","ABMI-921-NE",2014,"y",121,95,26,3.70585327262451,0,3.70585327262451,1.51035166857792,8.0426225056227,0,0,4.77648708710031,0,0.342567050494342,0.171283525247171,0,0,0,5.42758022693924,0,2.71379011346962,1.48405669827062,5.98479143549239,3.7344240668815,1.01340746042179,0,0.506703730210895
"ABMI-921-NE_2014","DecidMixed","Open","Prod","ABMI-921-NE",2014,"y",121,95,26,3.70585327262451,0,3.70585327262451,1.51035166857792,8.0426225056227,0,0,4.77648708710031,0,0.342567050494342,0.171283525247171,0,0,0,5.42758022693924,0,2.71379011346962,1.48405669827062,5.98479143549239,3.7344240668815,1.01340746042179,0,0.506703730210895
"ABMI-922-NE_2018","DecidMixed","Open","Prod","ABMI-922-NE",2018,"y",178,99,79,0,0,0,0.0538042866977592,0.375736923690154,0,0,0.214770605193957,0.564123012785665,0.844375982781451,0.704249497783558,0,0,0,1.15476361580031,0,0.577381807900155,0.108408130850811,0,0.0542040654254055,2.14241181813756,0.232901719103522,1.18765676862054
"ABMI-923-SW_2016","DecidMixed","Open","Prod","ABMI-923-SW",2016,"y",137,80,57,0,0,0,0.117922280054291,0,0,0,0.0589611400271455,0,3.7218015294989,1.86090076474945,0,0,0,0,0,0,0,0.350702464330963,0.175351232165482,1.81514924301459,11.0457193347466,6.43043428888059
"ABMI-939-SE_2018","DecidMixed","Open","Prod","ABMI-939-SE",2018,"n",175,78,97,0.131349562293261,0,0.131349562293261,0,0,0,0,0,0,0,0,0,0,0,0.215021597374374,5.05908183182821,2.63705171460129,0,0,0,1.6351965152637,0,0.81759825763185
"ABMI-939-SW_2018","DecidMixed","Open","Prod","ABMI-939-SW",2018,"y",175,78,97,0,0,0,0,0,0,0,0,0,0,0,0,0,0,0,0.178159275249966,0.089079637624983,0,0.103041445705489,0.0515207228527445,0.787167247464226,0,0.393583623732113
"ABMI-940-NW_2018","UpCon","Open","Low","ABMI-940-NW",2018,"n",177,79,98,0,0,0,0,0,0,0,0,0,0,0,0,0,0,0,0,0,0.135853227268739,0,0.0679266136343695,0.129919650479007,0,0.0649598252395035
"ABMI-958-NE_2016","DecidMixed","Open","Low","ABMI-958-NE",2016,"y",139,85,54,4.07736984138826,0,4.07736984138826,1.05858237134329,2.58140491282534,0,0,1.81999364208431,0,1.05720693832652,0.52860346916326,0,0,0,5.51086085209481,0,2.7554304260474,0,0,0,1.02862052196953,11.2532818491514,6.14095118556046
"ABMI-991-NW_2015","DecidMixed","Open","Prod","ABMI-991-NW",2015,"n",136,84,52,0.452686498518824,0,0.452686498518824,0,0.461733362218967,0,0,0.230866681109483,0,0,0,0,0,0,0,0,0,0,0,0,14.3518315876171,27.1194481796042,20.7356398836106
"ABMI-991-SE_2015","DecidMixed","Open","Prod","ABMI-991-SE",2015,"n",136,84,52,1.13605027608364,6.88397032082888,1.13605027608364,0.177635488482165,0,0,0,0.0888177442410825,0,0.397355074113722,0.198677537056861,0,0,0,30.1986686208549,8.85359598896358,19.5261323049092,0.255533451291199,0.576635782698026,0.416084616994612,16.8463646772363,10.0605902320562,13.4534774546462
"OG-ABMI-1333-21_2015","DecidMixed","Open","Prod","OG-ABMI-1333-21",2015,"y",112,112,0,0,NA,0,1.03232145114576,NA,0,NA,1.03232145114576,0,NA,0,0,NA,0,15.3356884166282,NA,15.3356884166282,0,NA,0,0.889603828898444,NA,0.889603828898444
"OG-ABMI-1567-24_2015","DecidMixed","Open","Prod","OG-ABMI-1567-24",2015,"y",149,119,30,0,0,0,0,0,0,0,0,0,0,0,0,0,0,0,0,0,0,0,0,0.419382031946698,0,0.209691015973349
"OG-ABMI-1634-22_2015","UpCon","Open","Prod","OG-ABMI-1634-22",2015,"y",139,137,2,0.503357949609661,0,0.503357949609661,0,0,0,0,0,0,0,0,0,0,0,1.4417091113413,0,1.4417091113413,0,0,0,0.0284471474541431,0,0.0284471474541431
"OG-ABMI-406-51_2018","DecidMixed","None","None","OG-ABMI-406-51",2018,"n",154,101,53,0,0,0,0,0,0,0,0,0,0,0,0,2.90994263517724,1.45497131758862,0,0,0,0,0,0,0.0499168940213785,0,0.0249584470106892
"OG-ABMI-436-53_2018","DecidMixed","Open","Prod","OG-ABMI-436-53",2018,"n",154,101,53,0.0675125426795945,0,0.0675125426795945,0,0,0,0,0,0.115521522024118,1.351033114527,0.733277318275559,0,0,0,0,0,0,0,0,0,0.0562419287758338,0,0.0281209643879169
"OG-ABMI-470-56_2018","UpCon","Open","Low","OG-ABMI-470-56",2018,"n",266,183,83,0.215269328702771,0,0.215269328702771,0,0,0,0,0,0,0,0,0,0,0,0,0,0,0.117294043215632,0.47929511427126,0.298294578743446,0,0,0
"OG-ABMI-499-54_2018","DecidMixed","Open","Prod","OG-ABMI-499-54",2018,"n",163,109,54,0.0468396081332235,0,0.0468396081332235,0,0,0,0,0,0,0,0,0,0,0,0,0,0,0,0.370185934571571,0.185092967285786,0,0,0
"OG-ABMI-500-52_2018","UpCon","None","None","OG-ABMI-500-52",2018,"n",250,183,67,0,0,0,0,0,0,0,0,0,0,0,0,0,0,0,0,0,0.0586470216078162,0.298358812938282,0.178502917273049,0,0,0
"OG-ABMI-500-55_2018","DecidMixed","None","None","OG-ABMI-500-55",2018,"n",248,183,65,2.08997957335787,0,2.08997957335787,0,0,0,0,0,0,0,0,0,0,0,0,0,0,0,0.153769542052806,0.076884771026403,0,0,0
"OG-ABMI-500-58_2018","UpCon","Open","Prod","OG-ABMI-500-58",2018,"n",161,107,54,4.6660261098553,0,4.6660261098553,0,0.813533279674604,0,0,0.406766639837302,0,0,0,0,0,0,0,0,0,0.348070668508127,0,0.174035334254064,0,0,0
"OG-ABMI-531-54_2018","UpCon","None","None","OG-ABMI-531-54",2018,"n",163,109,54,0.501881698592982,0,0.501881698592982,0,0,0,0,0,0,0,0,0,0,0,0.064979736673616,0,0.032489868336808,0,0,0,0,0,0
"OG-ABMI-560-51_2018","DecidMixed","None","None","OG-ABMI-560-51",2018,"n",163,108,55,0.0790001512477474,0,0.0790001512477474,0,0,0,0,0,0,0,0,0,0,0,0,0,0,0,0.181727640607862,0.090863820303931,0,0,0
"OG-ABMI-560-53_2018","DecidMixed","Open","Prod","OG-ABMI-560-53",2018,"n",163,108,55,0,0,0,0,0,0,0,0,0,0,0,0,0,0,0,10.2230890492849,5.11154452464245,0,0,0,0,0,0
"OG-ABMI-560-54_2018","DecidMixed","Open","Prod","OG-ABMI-560-54",2018,"n",141,108,33,3.0091874906869,0,3.0091874906869,0,0,0,0,0,0,0,0,0,0,0,0.22206268015238,0,0.11103134007619,0,0,0,1.12684618707859,0,0.563423093539295
"OG-ABMI-561-52_2018","UpCon","Open","Low","OG-ABMI-561-52",2018,"n",146,109,37,0.288013875611921,0,0.288013875611921,0.0865508252559152,0,0,0,0.0432754126279576,0,0,0,0.0869504597889887,0,0.0434752298944944,0,0,0,0.117763655998332,0.540271363969321,0.329017509983827,0.0221631083483835,0,0.0110815541741917
"OG-ABMI-616-54_2018","DecidMixed","None","None","OG-ABMI-616-54",2018,"n",156,105,51,0,0,0,0,0,0,0,0,0,0,0,0,0,0,0.36386078702032,5.4621698551971,2.91301532110871,0,0,0,0,3.25241420445428,1.62620710222714
"OG-ABMI-626-51_2018","DecidMixed","None","None","OG-ABMI-626-51",2018,"n",150,112,38,0.267083965182107,0,0.267083965182107,0,0,0,0,0,0,0,0,0,0,0,0,0,0,0,0,0,0,0,0
"OG-ABMI-637-51_2018","DecidMixed","Open","Prod","OG-ABMI-637-51",2018,"n",252,183,69,0.865612668902856,0,0.865612668902856,0,0,0,0,0,0,0,0,0,0,0,0,0,0,0,0,0,3.9454721390683,3.88047765734672,3.91297489820751
"OG-ABMI-638-51_2018","UpCon","Open","Low","OG-ABMI-638-51",2018,"n",252,183,69,0.110297885712815,0,0.110297885712815,0,0,0,0,0,0,0,0,0,0,0,0,0,0,0,0,0,0.109180998924422,0.540632635613265,0.324906817268844
"OG-ABMI-692-41-NW_2017","DecidMixed","Open","Prod","OG-ABMI-692-41-NW",2017,"n",155,96,59,0.836282381590721,0,0.836282381590721,0,0,0,0,0,0,0,0,0,0,0,0,0,0,0,0,0,6.77694376735726,2.5597868462254,4.66836530679133
"OG-ABMI-692-41-SW_2017","DecidMixed","Open","Prod","OG-ABMI-692-41-SW",2017,"y",155,96,59,0,0,0,0,0,0,0,0,0,0,0,0,0,0,0,0,0,0,0,0,7.14366122751976,5.84556662479714,6.49461392615845
"OG-ABMI-696-52_2018","UpCon","Open","Prod","OG-ABMI-696-52",2018,"n",272,183,89,0.0497116462730883,0,0.0497116462730883,0,0,0,0,0,0,0,0,0,0,0,0.466334629552532,0,0.233167314776266,0,0,0,0.60555588330777,0.389431707975058,0.497493795641414
"OG-ABMI-825-52_2018","DecidMixed","None","None","OG-ABMI-825-52",2018,"n",177,114,63,0.179441231858922,0,0.179441231858922,0.0413762386155408,0.773487018294914,0,0,0.407431628455227,0,0,0,0,0,0,0.852159709376561,0,0.426079854688281,0,0,0,13.8168781608736,12.2320517839582,13.0244649724159
"OG-ABMI-990-21_2015","DecidMixed","None","None","OG-ABMI-990-21",2015,"y",116,116,0,5.86817762296805,NA,5.86817762296805,0.386192300835522,NA,0,NA,0.386192300835522,0,NA,0,0,NA,0,4.52050704752115,NA,4.52050704752115,0.377312925736415,NA,0.377312925736415,2.48446820971441,NA,2.48446820971441
"OG-ABMI-993-21_2015","UpCon","Open","Low","OG-ABMI-993-21",2015,"y",118,89,29,0.523856015841251,0,0.523856015841251,0.648298497758938,0.706830756344545,0,0,0.677564627051741,0.119278167973505,6.3694025029527,3.2443403354631,0,0,0,0,0,0,0.120588819710454,0,0.060294409855227,0.986607749975157,0.339901279943382,0.663254514959269
